customer_id,channel,cost,conversion_rate,revenue,ROI,First_parchase_date,last_purchase_date,customer_lifetime_days
1,referral,8.320326732170223,0.1231449787166301,4199,50366.76813501479,2001-01-01,2025-09-30,9038
2,paid advertising,30.450327213520207,0.0163414915688768,3410,11098.566032111243,2001-01-02,2025-09-30,9037
3,email marketing,5.2462632712450965,0.0438222285949381,3164,60209.59249304101,2001-01-03,2025-09-30,9036
4,social media,9.546325667652964,0.1675922473559195,1520,15822.356442860633,2001-01-04,2025-09-30,9035
5,referral,8.320326732170223,0.1231449787166301,2419,28973.377499071397,2001-01-05,2025-09-30,9034
6,paid advertising,30.450327213520207,0.0163414915688768,3856,12563.246516076526,2001-01-06,2025-09-30,9033
7,social media,9.546325667652964,0.1675922473559195,1172,12176.974836205698,2001-01-07,2025-09-30,9032
8,email marketing,5.2462632712450965,0.0438222285949381,700,13242.830197575444,2001-01-08,2025-09-30,9031
9,social media,9.546325667652964,0.1675922473559195,2137,22285.576130521822,2001-01-09,2025-09-30,9030
10,social media,9.546325667652964,0.1675922473559195,982,10186.680280848119,2001-01-10,2025-09-30,9029
11,email marketing,5.2462632712450965,0.0438222285949381,3003,57140.741547598656,2001-01-11,2025-09-30,9028
12,referral,8.320326732170223,0.1231449787166301,1455,17387.294031066092,2001-01-12,2025-09-30,9027
13,social media,9.546325667652964,0.1675922473559195,3388,35390.0944923762,2001-01-13,2025-09-30,9026
14,email marketing,5.2462632712450965,0.0438222285949381,3562,67795.94451966247,2001-01-14,2025-09-30,9025
15,referral,8.320326732170223,0.1231449787166301,1147,13685.516325520832,2001-01-15,2025-09-30,9024
16,paid advertising,30.450327213520207,0.0163414915688768,1303,4179.100158311129,2001-01-16,2025-09-30,9023
17,referral,8.320326732170223,0.1231449787166301,1456,17399.31278985033,2001-01-17,2025-09-30,9022
18,paid advertising,30.450327213520207,0.0163414915688768,4549,14839.084129053972,2001-01-18,2025-09-30,9021
19,social media,9.546325667652964,0.1675922473559195,2054,21416.131666865618,2001-01-19,2025-09-30,9020
20,referral,8.320326732170223,0.1231449787166301,4439,53251.270243231884,2001-01-20,2025-09-30,9019
21,paid advertising,30.450327213520207,0.0163414915688768,1976,6389.257032097306,2001-01-21,2025-09-30,9018
22,email marketing,5.2462632712450965,0.0438222285949381,4004,76220.98873013153,2001-01-22,2025-09-30,9017
23,social media,9.546325667652964,0.1675922473559195,2010,20955.221348782812,2001-01-23,2025-09-30,9016
24,email marketing,5.2462632712450965,0.0438222285949381,3932,74848.58333838092,2001-01-24,2025-09-30,9015
25,email marketing,5.2462632712450965,0.0438222285949381,1885,35830.335603471016,2001-01-25,2025-09-30,9014
26,paid advertising,30.450327213520207,0.0163414915688768,4455,14530.384654855012,2001-01-26,2025-09-30,9013
27,email marketing,5.2462632712450965,0.0438222285949381,4681,89125.41164978665,2001-01-27,2025-09-30,9012
28,social media,9.546325667652964,0.1675922473559195,1867,19457.262815013684,2001-01-28,2025-09-30,9011
29,email marketing,5.2462632712450965,0.0438222285949381,4342,82663.66959696083,2001-01-29,2025-09-30,9010
30,paid advertising,30.450327213520207,0.0163414915688768,1385,4448.391188995329,2001-01-30,2025-09-30,9009
31,referral,8.320326732170223,0.1231449787166301,3239,38828.759702146446,2001-01-31,2025-09-30,9008
32,social media,9.546325667652964,0.1675922473559195,1459,15183.36713824583,2001-02-01,2025-09-30,9007
33,referral,8.320326732170223,0.1231449787166301,2021,24189.911502944724,2001-02-02,2025-09-30,9006
34,social media,9.546325667652964,0.1675922473559195,1947,20295.281575164245,2001-02-03,2025-09-30,9005
35,paid advertising,30.450327213520207,0.0163414915688768,2026,6553.458880075477,2001-02-04,2025-09-30,9004
36,referral,8.320326732170223,0.1231449787166301,4776,57301.59195352004,2001-02-05,2025-09-30,9003
37,social media,9.546325667652964,0.1675922473559195,3836,40082.999549219334,2001-02-06,2025-09-30,9002
38,social media,9.546325667652964,0.1675922473559195,3172,33127.443839969696,2001-02-07,2025-09-30,9001
39,paid advertising,30.450327213520207,0.0163414915688768,4846,15814.443106044308,2001-02-08,2025-09-30,9000
40,referral,8.320326732170223,0.1231449787166301,3868,46388.55897743206,2001-02-09,2025-09-30,8999
41,social media,9.546325667652964,0.1675922473559195,3947,41245.75057892824,2001-02-10,2025-09-30,8998
42,social media,9.546325667652964,0.1675922473559195,1118,11611.31217310407,2001-02-11,2025-09-30,8997
43,paid advertising,30.450327213520207,0.0163414915688768,3326,10822.706927507916,2001-02-12,2025-09-30,8996
44,paid advertising,30.450327213520207,0.0163414915688768,1004,3197.1731074016684,2001-02-13,2025-09-30,8995
45,paid advertising,30.450327213520207,0.0163414915688768,3596,11709.396906590038,2001-02-14,2025-09-30,8994
46,social media,9.546325667652964,0.1675922473559195,1052,10919.94669597986,2001-02-15,2025-09-30,8993
47,email marketing,5.2462632712450965,0.0438222285949381,3466,65966.07066399498,2001-02-16,2025-09-30,8992
48,referral,8.320326732170223,0.1231449787166301,832,9899.607308485905,2001-02-17,2025-09-30,8991
49,social media,9.546325667652964,0.1675922473559195,1575,16398.49434046414,2001-02-18,2025-09-30,8990
50,referral,8.320326732170223,0.1231449787166301,571,6762.711265799821,2001-02-19,2025-09-30,8989
51,email marketing,5.2462632712450965,0.0438222285949381,1962,37298.04692520431,2001-02-20,2025-09-30,8988
52,paid advertising,30.450327213520207,0.0163414915688768,2573,8349.827096956666,2001-02-21,2025-09-30,8987
53,referral,8.320326732170223,0.1231449787166301,3603,43203.58789960903,2001-02-22,2025-09-30,8986
54,referral,8.320326732170223,0.1231449787166301,2390,28624.833494328497,2001-02-23,2025-09-30,8985
55,paid advertising,30.450327213520207,0.0163414915688768,2949,9584.624993752508,2001-02-24,2025-09-30,8984
56,paid advertising,30.450327213520207,0.0163414915688768,719,2261.2225739260953,2001-02-25,2025-09-30,8983
57,email marketing,5.2462632712450965,0.0438222285949381,2754,52394.50623446111,2001-02-26,2025-09-30,8982
58,paid advertising,30.450327213520207,0.0163414915688768,674,2113.4409107457413,2001-02-27,2025-09-30,8981
59,referral,8.320326732170223,0.1231449787166301,868,10332.282624718468,2001-02-28,2025-09-30,8980
60,paid advertising,30.450327213520207,0.0163414915688768,1806,5830.9707489715265,2001-03-01,2025-09-30,8979
61,email marketing,5.2462632712450965,0.0438222285949381,3472,66080.4377799742,2001-03-02,2025-09-30,8978
62,social media,9.546325667652964,0.1675922473559195,792,8196.385725490542,2001-03-03,2025-09-30,8977
63,email marketing,5.2462632712450965,0.0438222285949381,3890,74048.0135265264,2001-03-04,2025-09-30,8976
64,social media,9.546325667652964,0.1675922473559195,4131,43173.19372727453,2001-03-05,2025-09-30,8975
65,paid advertising,30.450327213520207,0.0163414915688768,4210,13725.795599761977,2001-03-06,2025-09-30,8974
66,social media,9.546325667652964,0.1675922473559195,1568,16325.167698950969,2001-03-07,2025-09-30,8973
67,paid advertising,30.450327213520207,0.0163414915688768,2529,8205.329470735875,2001-03-08,2025-09-30,8972
68,referral,8.320326732170223,0.1231449787166301,2376,28456.57087134917,2001-03-09,2025-09-30,8971
69,email marketing,5.2462632712450965,0.0438222285949381,2952,56168.621061775295,2001-03-10,2025-09-30,8970
70,social media,9.546325667652964,0.1675922473559195,4833,50526.80834759568,2001-03-11,2025-09-30,8969
71,paid advertising,30.450327213520207,0.0163414915688768,2237,7246.390678543358,2001-03-12,2025-09-30,8968
72,referral,8.320326732170223,0.1231449787166301,1361,16257.530705347734,2001-03-13,2025-09-30,8967
73,paid advertising,30.450327213520207,0.0163414915688768,2807,9118.291745494504,2001-03-14,2025-09-30,8966
74,paid advertising,30.450327213520207,0.0163414915688768,2620,8504.176834056147,2001-03-15,2025-09-30,8965
75,referral,8.320326732170223,0.1231449787166301,3525,42266.124714438476,2001-03-16,2025-09-30,8964
76,paid advertising,30.450327213520207,0.0163414915688768,3112,10119.923018161346,2001-03-17,2025-09-30,8963
77,email marketing,5.2462632712450965,0.0438222285949381,1736,32990.218889987096,2001-03-18,2025-09-30,8962
78,social media,9.546325667652964,0.1675922473559195,1812,18881.124917410176,2001-03-19,2025-09-30,8961
79,paid advertising,30.450327213520207,0.0163414915688768,4540,14809.527796417902,2001-03-20,2025-09-30,8960
80,email marketing,5.2462632712450965,0.0438222285949381,4586,87314.5989801157,2001-03-21,2025-09-30,8959
81,social media,9.546325667652964,0.1675922473559195,800,8280.187601505597,2001-03-22,2025-09-30,8958
82,email marketing,5.2462632712450965,0.0438222285949381,2741,52146.71081650613,2001-03-23,2025-09-30,8957
83,email marketing,5.2462632712450965,0.0438222285949381,711,13452.503243537341,2001-03-24,2025-09-30,8956
84,paid advertising,30.450327213520207,0.0163414915688768,3308,10763.594262235774,2001-03-25,2025-09-30,8955
85,paid advertising,30.450327213520207,0.0163414915688768,4312,14060.767369637444,2001-03-26,2025-09-30,8954
86,email marketing,5.2462632712450965,0.0438222285949381,3280,62420.69006863922,2001-03-27,2025-09-30,8953
87,social media,9.546325667652964,0.1675922473559195,3469,36238.58848702864,2001-03-28,2025-09-30,8952
88,social media,9.546325667652964,0.1675922473559195,1487,15476.673704298526,2001-03-29,2025-09-30,8951
89,paid advertising,30.450327213520207,0.0163414915688768,1771,5716.029455386807,2001-03-30,2025-09-30,8950
90,paid advertising,30.450327213520207,0.0163414915688768,1364,4379.4264128444975,2001-03-31,2025-09-30,8949
91,email marketing,5.2462632712450965,0.0438222285949381,4302,81901.22215709937,2001-04-01,2025-09-30,8948
92,email marketing,5.2462632712450965,0.0438222285949381,1874,35620.66255750911,2001-04-02,2025-09-30,8947
93,referral,8.320326732170223,0.1231449787166301,3453,41400.77408197335,2001-04-03,2025-09-30,8946
94,email marketing,5.2462632712450965,0.0438222285949381,2933,55806.45852784111,2001-04-04,2025-09-30,8945
95,social media,9.546325667652964,0.1675922473559195,2987,31189.525457121523,2001-04-05,2025-09-30,8944
96,referral,8.320326732170223,0.1231449787166301,3642,43672.31949219431,2001-04-06,2025-09-30,8943
97,social media,9.546325667652964,0.1675922473559195,845,8751.573154090287,2001-04-07,2025-09-30,8942
98,paid advertising,30.450327213520207,0.0163414915688768,3809,12408.896778977045,2001-04-08,2025-09-30,8941
99,email marketing,5.2462632712450965,0.0438222285949381,4947,94195.6871248653,2001-04-09,2025-09-30,8940
100,email marketing,5.2462632712450965,0.0438222285949381,4539,86418.72323827849,2001-04-10,2025-09-30,8939
101,social media,9.546325667652964,0.1675922473559195,1929,20106.72735413037,2001-04-11,2025-09-30,8938
102,social media,9.546325667652964,0.1675922473559195,1174,12197.925305209463,2001-04-12,2025-09-30,8937
103,email marketing,5.2462632712450965,0.0438222285949381,2574,48963.49275508456,2001-04-13,2025-09-30,8936
104,social media,9.546325667652964,0.1675922473559195,1499,15602.37651832111,2001-04-14,2025-09-30,8935
105,social media,9.546325667652964,0.1675922473559195,4420,46200.53649831842,2001-04-15,2025-09-30,8934
106,social media,9.546325667652964,0.1675922473559195,1411,14680.555882155493,2001-04-16,2025-09-30,8933
107,email marketing,5.2462632712450965,0.0438222285949381,3338,63526.23885643833,2001-04-17,2025-09-30,8932
108,paid advertising,30.450327213520207,0.0163414915688768,1681,5420.466129026099,2001-04-18,2025-09-30,8931
109,email marketing,5.2462632712450965,0.0438222285949381,3326,63297.504624479894,2001-04-19,2025-09-30,8930
110,referral,8.320326732170223,0.1231449787166301,558,6606.467401604729,2001-04-20,2025-09-30,8929
111,referral,8.320326732170223,0.1231449787166301,3953,47410.15347409228,2001-04-21,2025-09-30,8928
112,referral,8.320326732170223,0.1231449787166301,3642,43672.31949219431,2001-04-22,2025-09-30,8927
113,email marketing,5.2462632712450965,0.0438222285949381,1694,32189.649078132574,2001-04-23,2025-09-30,8926
114,referral,8.320326732170223,0.1231449787166301,3115,37338.43361290095,2001-04-24,2025-09-30,8925
115,paid advertising,30.450327213520207,0.0163414915688768,4560,14875.20853560917,2001-04-25,2025-09-30,8924
116,email marketing,5.2462632712450965,0.0438222285949381,3442,65508.60220007811,2001-04-26,2025-09-30,8923
117,social media,9.546325667652964,0.1675922473559195,4340,45362.51773816786,2001-04-27,2025-09-30,8922
118,referral,8.320326732170223,0.1231449787166301,1919,22963.998106952462,2001-04-28,2025-09-30,8921
119,paid advertising,30.450327213520207,0.0163414915688768,2695,8750.479606023402,2001-04-29,2025-09-30,8920
120,paid advertising,30.450327213520207,0.0163414915688768,4134,13476.208790835157,2001-04-30,2025-09-30,8919
121,paid advertising,30.450327213520207,0.0163414915688768,3951,12875.230027235051,2001-05-01,2025-09-30,8918
122,email marketing,5.2462632712450965,0.0438222285949381,3474,66118.56015196726,2001-05-02,2025-09-30,8917
123,email marketing,5.2462632712450965,0.0438222285949381,730,13814.665777471531,2001-05-03,2025-09-30,8916
124,referral,8.320326732170223,0.1231449787166301,3376,40475.32965558703,2001-05-04,2025-09-30,8915
125,email marketing,5.2462632712450965,0.0438222285949381,1067,20238.285458304283,2001-05-05,2025-09-30,8914
126,email marketing,5.2462632712450965,0.0438222285949381,2723,51803.60946856847,2001-05-06,2025-09-30,8913
127,email marketing,5.2462632712450965,0.0438222285949381,1272,24145.82858759423,2001-05-07,2025-09-30,8912
128,paid advertising,30.450327213520207,0.0163414915688768,2800,9095.30348677756,2001-05-08,2025-09-30,8911
129,paid advertising,30.450327213520207,0.0163414915688768,2389,7745.564296396997,2001-05-09,2025-09-30,8910
130,email marketing,5.2462632712450965,0.0438222285949381,1988,37793.63776111426,2001-05-10,2025-09-30,8909
131,paid advertising,30.450327213520207,0.0163414915688768,912,2895.0417071218344,2001-05-11,2025-09-30,8908
132,social media,9.546325667652964,0.1675922473559195,3149,32886.513446426405,2001-05-12,2025-09-30,8907
133,email marketing,5.2462632712450965,0.0438222285949381,2624,49916.55205491137,2001-05-13,2025-09-30,8906
134,referral,8.320326732170223,0.1231449787166301,1429,17074.80630267591,2001-05-14,2025-09-30,8905
135,referral,8.320326732170223,0.1231449787166301,4615,55366.57178925775,2001-05-15,2025-09-30,8904
136,social media,9.546325667652964,0.1675922473559195,1809,18849.69921390453,2001-05-16,2025-09-30,8903
137,email marketing,5.2462632712450965,0.0438222285949381,1528,29025.492202707534,2001-05-17,2025-09-30,8902
138,email marketing,5.2462632712450965,0.0438222285949381,2486,47286.10838738936,2001-05-18,2025-09-30,8901
139,paid advertising,30.450327213520207,0.0163414915688768,4854,15840.715401720814,2001-05-19,2025-09-30,8900
140,paid advertising,30.450327213520207,0.0163414915688768,1722,5555.111644368199,2001-05-20,2025-09-30,8899
141,referral,8.320326732170223,0.1231449787166301,4756,57061.21677783528,2001-05-21,2025-09-30,8898
142,email marketing,5.2462632712450965,0.0438222285949381,755,14291.195427384942,2001-05-22,2025-09-30,8897
143,social media,9.546325667652964,0.1675922473559195,3066,32017.068982770194,2001-05-23,2025-09-30,8896
144,paid advertising,30.450327213520207,0.0163414915688768,2357,7640.475113690968,2001-05-24,2025-09-30,8895
145,email marketing,5.2462632712450965,0.0438222285949381,3522,67033.49707980102,2001-05-25,2025-09-30,8894
146,social media,9.546325667652964,0.1675922473559195,4301,44953.98359259446,2001-05-26,2025-09-30,8893
147,paid advertising,30.450327213520207,0.0163414915688768,3580,11656.852315237024,2001-05-27,2025-09-30,8892
148,referral,8.320326732170223,0.1231449787166301,1960,23456.767217106215,2001-05-28,2025-09-30,8891
149,social media,9.546325667652964,0.1675922473559195,1777,18514.491709844304,2001-05-29,2025-09-30,8890
150,email marketing,5.2462632712450965,0.0438222285949381,2506,47667.33210732009,2001-05-30,2025-09-30,8889
151,social media,9.546325667652964,0.1675922473559195,4043,42251.37309110891,2001-05-31,2025-09-30,8888
152,social media,9.546325667652964,0.1675922473559195,3966,41444.78003446399,2001-06-01,2025-09-30,8887
153,email marketing,5.2462632712450965,0.0438222285949381,1023,19399.59327445668,2001-06-02,2025-09-30,8886
154,email marketing,5.2462632712450965,0.0438222285949381,4727,90002.22620562732,2001-06-03,2025-09-30,8885
155,social media,9.546325667652964,0.1675922473559195,4647,48578.41473024563,2001-06-04,2025-09-30,8884
156,social media,9.546325667652964,0.1675922473559195,2312,24118.74216835117,2001-06-05,2025-09-30,8883
157,email marketing,5.2462632712450965,0.0438222285949381,2963,56378.2941077372,2001-06-06,2025-09-30,8882
158,email marketing,5.2462632712450965,0.0438222285949381,3803,72389.69034482773,2001-06-07,2025-09-30,8881
159,referral,8.320326732170223,0.1231449787166301,3433,41160.398906288596,2001-06-08,2025-09-30,8880
160,email marketing,5.2462632712450965,0.0438222285949381,2894,55063.0722739762,2001-06-09,2025-09-30,8879
161,email marketing,5.2462632712450965,0.0438222285949381,918,17398.168744820367,2001-06-10,2025-09-30,8878
162,social media,9.546325667652964,0.1675922473559195,1336,13894.913294514345,2001-06-11,2025-09-30,8877
163,social media,9.546325667652964,0.1675922473559195,2688,28057.4303410588,2001-06-12,2025-09-30,8876
164,social media,9.546325667652964,0.1675922473559195,2257,23542.604270747663,2001-06-13,2025-09-30,8875
165,paid advertising,30.450327213520207,0.0163414915688768,3886,12661.767624863429,2001-06-14,2025-09-30,8874
166,paid advertising,30.450327213520207,0.0163414915688768,4732,15440.062892654078,2001-06-15,2025-09-30,8873
167,email marketing,5.2462632712450965,0.0438222285949381,3309,62973.464462538774,2001-06-16,2025-09-30,8872
168,paid advertising,30.450327213520207,0.0163414915688768,1268,4064.1588647264093,2001-06-17,2025-09-30,8871
169,email marketing,5.2462632712450965,0.0438222285949381,3677,69987.98090926415,2001-06-18,2025-09-30,8870
170,email marketing,5.2462632712450965,0.0438222285949381,3667,69797.3690492988,2001-06-19,2025-09-30,8869
171,referral,8.320326732170223,0.1231449787166301,2949,35343.31965471747,2001-06-20,2025-09-30,8868
172,paid advertising,30.450327213520207,0.0163414915688768,3842,12517.269998642638,2001-06-21,2025-09-30,8867
173,referral,8.320326732170223,0.1231449787166301,2357,28228.21445444865,2001-06-22,2025-09-30,8866
174,referral,8.320326732170223,0.1231449787166301,4365,52361.88209319828,2001-06-23,2025-09-30,8865
175,social media,9.546325667652964,0.1675922473559195,4235,44262.61811547025,2001-06-24,2025-09-30,8864
176,paid advertising,30.450327213520207,0.0163414915688768,4947,16146.130838960213,2001-06-25,2025-09-30,8863
177,email marketing,5.2462632712450965,0.0438222285949381,2906,55291.80650593463,2001-06-26,2025-09-30,8862
178,social media,9.546325667652964,0.1675922473559195,2823,29471.58699881287,2001-06-27,2025-09-30,8861
179,paid advertising,30.450327213520207,0.0163414915688768,1249,4001.7621624947046,2001-06-28,2025-09-30,8860
180,referral,8.320326732170223,0.1231449787166301,3120,37398.52740682214,2001-06-29,2025-09-30,8859
181,referral,8.320326732170223,0.1231449787166301,3886,46604.89663554834,2001-06-30,2025-09-30,8858
182,paid advertising,30.450327213520207,0.0163414915688768,622,1942.6709888484438,2001-07-01,2025-09-30,8857
183,social media,9.546325667652964,0.1675922473559195,3902,40774.36502634355,2001-07-02,2025-09-30,8856
184,paid advertising,30.450327213520207,0.0163414915688768,1294,4149.5438256750585,2001-07-03,2025-09-30,8855
185,paid advertising,30.450327213520207,0.0163414915688768,2615,8487.756649258328,2001-07-04,2025-09-30,8854
186,social media,9.546325667652964,0.1675922473559195,2715,28340.26167260962,2001-07-05,2025-09-30,8853
187,referral,8.320326732170223,0.1231449787166301,4674,56075.67855752778,2001-07-06,2025-09-30,8852
188,referral,8.320326732170223,0.1231449787166301,3879,46520.76532405868,2001-07-07,2025-09-30,8851
189,referral,8.320326732170223,0.1231449787166301,1719,20560.24635010489,2001-07-08,2025-09-30,8850
190,email marketing,5.2462632712450965,0.0438222285949381,1220,23154.64691577434,2001-07-09,2025-09-30,8849
191,social media,9.546325667652964,0.1675922473559195,3944,41214.32487542259,2001-07-10,2025-09-30,8848
192,social media,9.546325667652964,0.1675922473559195,3267,34122.59111764848,2001-07-11,2025-09-30,8847
193,referral,8.320326732170223,0.1231449787166301,2216,26533.569465871115,2001-07-12,2025-09-30,8846
194,email marketing,5.2462632712450965,0.0438222285949381,3146,59866.49114510335,2001-07-13,2025-09-30,8845
195,email marketing,5.2462632712450965,0.0438222285949381,4728,90021.28739162386,2001-07-14,2025-09-30,8844
196,paid advertising,30.450327213520207,0.0163414915688768,620,1936.102914929317,2001-07-15,2025-09-30,8843
197,referral,8.320326732170223,0.1231449787166301,1838,21990.478645429193,2001-07-16,2025-09-30,8842
198,social media,9.546325667652964,0.1675922473559195,2723,28424.063548624672,2001-07-17,2025-09-30,8841
199,email marketing,5.2462632712450965,0.0438222285949381,3180,60514.57146898558,2001-07-18,2025-09-30,8840
200,paid advertising,30.450327213520207,0.0163414915688768,2692,8740.627495144712,2001-07-19,2025-09-30,8839
201,social media,9.546325667652964,0.1675922473559195,1638,17058.43411408271,2001-07-20,2025-09-30,8838
202,paid advertising,30.450327213520207,0.0163414915688768,3037,9873.620246194088,2001-07-21,2025-09-30,8837
203,paid advertising,30.450327213520207,0.0163414915688768,1357,4356.438154127553,2001-07-22,2025-09-30,8836
204,email marketing,5.2462632712450965,0.0438222285949381,2510,47743.576851306236,2001-07-23,2025-09-30,8835
205,social media,9.546325667652964,0.1675922473559195,3360,35096.7879263235,2001-07-24,2025-09-30,8834
206,referral,8.320326732170223,0.1231449787166301,1865,22314.98513260362,2001-07-25,2025-09-30,8833
207,paid advertising,30.450327213520207,0.0163414915688768,1377,4422.118893318821,2001-07-26,2025-09-30,8832
208,referral,8.320326732170223,0.1231449787166301,1275,15223.917449903278,2001-07-27,2025-09-30,8831
209,referral,8.320326732170223,0.1231449787166301,1054,12567.771758586709,2001-07-28,2025-09-30,8830
210,social media,9.546325667652964,0.1675922473559195,4266,44587.35038502859,2001-07-29,2025-09-30,8829
211,email marketing,5.2462632712450965,0.0438222285949381,2201,41853.6703783765,2001-07-30,2025-09-30,8828
212,email marketing,5.2462632712450965,0.0438222285949381,800,15148.948797229079,2001-07-31,2025-09-30,8827
213,social media,9.546325667652964,0.1675922473559195,791,8185.910490988658,2001-08-01,2025-09-30,8826
214,referral,8.320326732170223,0.1231449787166301,606,7183.367823248147,2001-08-02,2025-09-30,8825
215,social media,9.546325667652964,0.1675922473559195,2574,26863.253607844257,2001-08-03,2025-09-30,8824
216,paid advertising,30.450327213520207,0.0163414915688768,4887,15949.088621386409,2001-08-04,2025-09-30,8823
217,paid advertising,30.450327213520207,0.0163414915688768,3593,11699.544795711348,2001-08-05,2025-09-30,8822
218,social media,9.546325667652964,0.1675922473559195,2979,31105.723581106464,2001-08-06,2025-09-30,8821
219,referral,8.320326732170223,0.1231449787166301,620,7351.6304462274775,2001-08-07,2025-09-30,8820
220,email marketing,5.2462632712450965,0.0438222285949381,3602,68558.39195952391,2001-08-08,2025-09-30,8819
221,referral,8.320326732170223,0.1231449787166301,1711,20464.096279830985,2001-08-09,2025-09-30,8818
222,referral,8.320326732170223,0.1231449787166301,3062,36701.43939733635,2001-08-10,2025-09-30,8817
223,email marketing,5.2462632712450965,0.0438222285949381,1760,33447.687353903966,2001-08-11,2025-09-30,8816
224,email marketing,5.2462632712450965,0.0438222285949381,3550,67567.21028770403,2001-08-12,2025-09-30,8815
225,social media,9.546325667652964,0.1675922473559195,2224,23196.92153218556,2001-08-13,2025-09-30,8814
226,referral,8.320326732170223,0.1231449787166301,3306,39634.01654069038,2001-08-14,2025-09-30,8813
227,referral,8.320326732170223,0.1231449787166301,1121,13373.028597130648,2001-08-15,2025-09-30,8812
228,referral,8.320326732170223,0.1231449787166301,4872,58455.39279680688,2001-08-16,2025-09-30,8811
229,social media,9.546325667652964,0.1675922473559195,2457,25637.65117112406,2001-08-17,2025-09-30,8810
230,paid advertising,30.450327213520207,0.0163414915688768,1361,4369.574301965807,2001-08-18,2025-09-30,8809
231,email marketing,5.2462632712450965,0.0438222285949381,1643,31217.528592309212,2001-08-19,2025-09-30,8808
232,referral,8.320326732170223,0.1231449787166301,3069,36785.57070882601,2001-08-20,2025-09-30,8807
233,social media,9.546325667652964,0.1675922473559195,2962,30927.644594574467,2001-08-21,2025-09-30,8806
234,email marketing,5.2462632712450965,0.0438222285949381,4504,85751.5817283997,2001-08-22,2025-09-30,8805
235,paid advertising,30.450327213520207,0.0163414915688768,2058,6658.548062781508,2001-08-23,2025-09-30,8804
236,referral,8.320326732170223,0.1231449787166301,4172,50042.26164784037,2001-08-24,2025-09-30,8803
237,social media,9.546325667652964,0.1675922473559195,3105,32425.603128343595,2001-08-25,2025-09-30,8802
238,referral,8.320326732170223,0.1231449787166301,2980,35715.90117702884,2001-08-26,2025-09-30,8801
239,social media,9.546325667652964,0.1675922473559195,790,8175.435256486778,2001-08-27,2025-09-30,8800
240,referral,8.320326732170223,0.1231449787166301,2213,26497.513189518402,2001-08-28,2025-09-30,8799
241,referral,8.320326732170223,0.1231449787166301,3270,39201.34122445782,2001-08-29,2025-09-30,8798
242,email marketing,5.2462632712450965,0.0438222285949381,1644,31236.58977830575,2001-08-30,2025-09-30,8797
243,paid advertising,30.450327213520207,0.0163414915688768,1218,3899.957016748239,2001-08-31,2025-09-30,8796
244,referral,8.320326732170223,0.1231449787166301,4162,49922.07405999799,2001-09-01,2025-09-30,8795
245,paid advertising,30.450327213520207,0.0163414915688768,1467,4717.682219679528,2001-09-02,2025-09-30,8794
246,email marketing,5.2462632712450965,0.0438222285949381,2079,39528.20568679907,2001-09-03,2025-09-30,8793
247,social media,9.546325667652964,0.1675922473559195,3729,38962.14945751796,2001-09-04,2025-09-30,8792
248,referral,8.320326732170223,0.1231449787166301,4933,59188.53708264538,2001-09-05,2025-09-30,8791
249,referral,8.320326732170223,0.1231449787166301,3428,41100.3051123674,2001-09-06,2025-09-30,8790
250,email marketing,5.2462632712450965,0.0438222285949381,4940,94062.25882288956,2001-09-07,2025-09-30,8789
251,paid advertising,30.450327213520207,0.0163414915688768,1303,4179.100158311129,2001-09-08,2025-09-30,8788
252,paid advertising,30.450327213520207,0.0163414915688768,2736,8885.125121365501,2001-09-09,2025-09-30,8787
253,social media,9.546325667652964,0.1675922473559195,3730,38972.62469201985,2001-09-10,2025-09-30,8786
254,referral,8.320326732170223,0.1231449787166301,4994,59921.68136848389,2001-09-11,2025-09-30,8785
255,paid advertising,30.450327213520207,0.0163414915688768,3754,12228.274746201057,2001-09-12,2025-09-30,8784
256,paid advertising,30.450327213520207,0.0163414915688768,3139,10208.592016069559,2001-09-13,2025-09-30,8783
257,email marketing,5.2462632712450965,0.0438222285949381,2490,47362.35313137551,2001-09-14,2025-09-30,8782
258,referral,8.320326732170223,0.1231449787166301,4212,50523.011999209884,2001-09-15,2025-09-30,8781
259,email marketing,5.2462632712450965,0.0438222285949381,1314,24946.39839944876,2001-09-16,2025-09-30,8780
260,referral,8.320326732170223,0.1231449787166301,4632,55570.890688589796,2001-09-17,2025-09-30,8779
261,referral,8.320326732170223,0.1231449787166301,966,11510.120985573778,2001-09-18,2025-09-30,8778
262,referral,8.320326732170223,0.1231449787166301,2729,32699.192722185137,2001-09-19,2025-09-30,8777
263,social media,9.546325667652964,0.1675922473559195,1150,11946.519677164293,2001-09-20,2025-09-30,8776
264,social media,9.546325667652964,0.1675922473559195,1453,15120.51573123454,2001-09-21,2025-09-30,8775
265,paid advertising,30.450327213520207,0.0163414915688768,4469,14576.361172288902,2001-09-22,2025-09-30,8774
266,email marketing,5.2462632712450965,0.0438222285949381,4742,90288.14399557536,2001-09-23,2025-09-30,8773
267,paid advertising,30.450327213520207,0.0163414915688768,2230,7223.402419826414,2001-09-24,2025-09-30,8772
268,referral,8.320326732170223,0.1231449787166301,4923,59068.34949480301,2001-09-25,2025-09-30,8771
269,paid advertising,30.450327213520207,0.0163414915688768,4290,13988.51855652705,2001-09-26,2025-09-30,8770
270,email marketing,5.2462632712450965,0.0438222285949381,1165,22106.28168596484,2001-09-27,2025-09-30,8769
271,email marketing,5.2462632712450965,0.0438222285949381,2176,41377.14072846309,2001-09-28,2025-09-30,8768
272,referral,8.320326732170223,0.1231449787166301,2116,25331.693587447324,2001-09-29,2025-09-30,8767
273,referral,8.320326732170223,0.1231449787166301,3326,39874.39171637514,2001-09-30,2025-09-30,8766
274,referral,8.320326732170223,0.1231449787166301,2139,25608.1250394848,2001-10-01,2025-09-30,8765
275,email marketing,5.2462632712450965,0.0438222285949381,1237,23478.68707771546,2001-10-02,2025-09-30,8764
276,referral,8.320326732170223,0.1231449787166301,2322,27807.557897000326,2001-10-03,2025-09-30,8763
277,referral,8.320326732170223,0.1231449787166301,1492,17831.988106082896,2001-10-04,2025-09-30,8762
278,paid advertising,30.450327213520207,0.0163414915688768,1568,5049.3699525954335,2001-10-05,2025-09-30,8761
279,paid advertising,30.450327213520207,0.0163414915688768,3847,12533.690183440456,2001-10-06,2025-09-30,8760
280,social media,9.546325667652964,0.1675922473559195,4720,49343.10684888302,2001-10-07,2025-09-30,8759
281,referral,8.320326732170223,0.1231449787166301,3377,40487.34841437128,2001-10-08,2025-09-30,8758
282,referral,8.320326732170223,0.1231449787166301,1171,13973.96653634254,2001-10-09,2025-09-30,8757
283,referral,8.320326732170223,0.1231449787166301,4155,49837.94274850833,2001-10-10,2025-09-30,8756
284,paid advertising,30.450327213520207,0.0163414915688768,3175,10326.817346613841,2001-10-11,2025-09-30,8755
285,email marketing,5.2462632712450965,0.0438222285949381,3796,72256.26204285197,2001-10-12,2025-09-30,8754
286,referral,8.320326732170223,0.1231449787166301,2387,28588.777217975785,2001-10-13,2025-09-30,8753
287,paid advertising,30.450327213520207,0.0163414915688768,1502,4832.623513264248,2001-10-14,2025-09-30,8752
288,paid advertising,30.450327213520207,0.0163414915688768,1717,5538.691459570382,2001-10-15,2025-09-30,8751
289,email marketing,5.2462632712450965,0.0438222285949381,4645,88439.20895391134,2001-10-16,2025-09-30,8750
290,referral,8.320326732170223,0.1231449787166301,2086,24971.13082392019,2001-10-17,2025-09-30,8749
291,social media,9.546325667652964,0.1675922473559195,2230,23259.77293919685,2001-10-18,2025-09-30,8748
292,referral,8.320326732170223,0.1231449787166301,3315,39742.18536974852,2001-10-19,2025-09-30,8747
293,email marketing,5.2462632712450965,0.0438222285949381,3397,64650.848830233976,2001-10-20,2025-09-30,8746
294,paid advertising,30.450327213520207,0.0163414915688768,3040,9883.47235707278,2001-10-21,2025-09-30,8745
295,email marketing,5.2462632712450965,0.0438222285949381,3672,69892.67497928147,2001-10-22,2025-09-30,8744
296,referral,8.320326732170223,0.1231449787166301,1979,23685.123634006733,2001-10-23,2025-09-30,8743
297,email marketing,5.2462632712450965,0.0438222285949381,923,17493.47467480305,2001-10-24,2025-09-30,8742
298,social media,9.546325667652964,0.1675922473559195,753,7787.851579917143,2001-10-25,2025-09-30,8741
299,social media,9.546325667652964,0.1675922473559195,1089,11307.530372549492,2001-10-26,2025-09-30,8740
300,paid advertising,30.450327213520207,0.0163414915688768,984,3131.4923682104,2001-10-27,2025-09-30,8739
301,email marketing,5.2462632712450965,0.0438222285949381,2749,52299.200304478414,2001-10-28,2025-09-30,8738
302,paid advertising,30.450327213520207,0.0163414915688768,4559,14871.924498649609,2001-10-29,2025-09-30,8737
303,paid advertising,30.450327213520207,0.0163414915688768,905,2872.0534484048903,2001-10-30,2025-09-30,8736
304,referral,8.320326732170223,0.1231449787166301,4517,54188.73342840244,2001-10-31,2025-09-30,8735
305,social media,9.546325667652964,0.1675922473559195,2497,26056.660551199344,2001-11-01,2025-09-30,8734
306,paid advertising,30.450327213520207,0.0163414915688768,3170,10310.397161816023,2001-11-02,2025-09-30,8733
307,email marketing,5.2462632712450965,0.0438222285949381,3226,61391.386024826264,2001-11-03,2025-09-30,8732
308,paid advertising,30.450327213520207,0.0163414915688768,3975,12954.046914264572,2001-11-04,2025-09-30,8731
309,email marketing,5.2462632712450965,0.0438222285949381,3436,65394.23508409889,2001-11-05,2025-09-30,8730
310,social media,9.546325667652964,0.1675922473559195,755,7808.8020489209075,2001-11-06,2025-09-30,8729
311,social media,9.546325667652964,0.1675922473559195,3941,41182.89917191694,2001-11-07,2025-09-30,8728
312,paid advertising,30.450327213520207,0.0163414915688768,3780,12313.659707149707,2001-11-08,2025-09-30,8727
313,social media,9.546325667652964,0.1675922473559195,2974,31053.347408597056,2001-11-09,2025-09-30,8726
314,referral,8.320326732170223,0.1231449787166301,849,10103.926207817947,2001-11-10,2025-09-30,8725
315,paid advertising,30.450327213520207,0.0163414915688768,3456,11249.63173225116,2001-11-11,2025-09-30,8724
316,referral,8.320326732170223,0.1231449787166301,2219,26569.625742223827,2001-11-12,2025-09-30,8723
317,social media,9.546325667652964,0.1675922473559195,4505,47090.93143097839,2001-11-13,2025-09-30,8722
318,email marketing,5.2462632712450965,0.0438222285949381,4105,78146.16851578171,2001-11-14,2025-09-30,8721
319,social media,9.546325667652964,0.1675922473559195,4575,47824.197846110124,2001-11-15,2025-09-30,8720
320,email marketing,5.2462632712450965,0.0438222285949381,2164,41148.40649650466,2001-11-16,2025-09-30,8719
321,paid advertising,30.450327213520207,0.0163414915688768,1804,5824.402675052399,2001-11-17,2025-09-30,8718
322,referral,8.320326732170223,0.1231449787166301,3092,37062.002160863485,2001-11-18,2025-09-30,8717
323,social media,9.546325667652964,0.1675922473559195,4653,48641.26613725692,2001-11-19,2025-09-30,8716
324,paid advertising,30.450327213520207,0.0163414915688768,3196,10395.782122764671,2001-11-20,2025-09-30,8715
325,referral,8.320326732170223,0.1231449787166301,2661,31881.917124856962,2001-11-21,2025-09-30,8714
326,referral,8.320326732170223,0.1231449787166301,3527,42290.16223200695,2001-11-22,2025-09-30,8713
327,email marketing,5.2462632712450965,0.0438222285949381,2537,48258.22887321271,2001-11-23,2025-09-30,8712
328,social media,9.546325667652964,0.1675922473559195,2529,26391.86805525957,2001-11-24,2025-09-30,8711
329,email marketing,5.2462632712450965,0.0438222285949381,3872,73704.91217858874,2001-11-25,2025-09-30,8710
330,referral,8.320326732170223,0.1231449787166301,1608,19226.164125054485,2001-11-26,2025-09-30,8709
331,referral,8.320326732170223,0.1231449787166301,2183,26136.95042599126,2001-11-27,2025-09-30,8708
332,email marketing,5.2462632712450965,0.0438222285949381,3288,62573.17955661151,2001-11-28,2025-09-30,8707
333,referral,8.320326732170223,0.1231449787166301,1588,18985.78894936973,2001-11-29,2025-09-30,8706
334,referral,8.320326732170223,0.1231449787166301,4318,51797.000430339096,2001-11-30,2025-09-30,8705
335,email marketing,5.2462632712450965,0.0438222285949381,4956,94367.23779883413,2001-12-01,2025-09-30,8704
336,social media,9.546325667652964,0.1675922473559195,2748,28685.94441117172,2001-12-02,2025-09-30,8703
337,referral,8.320326732170223,0.1231449787166301,500,5909.3793921189335,2001-12-03,2025-09-30,8702
338,email marketing,5.2462632712450965,0.0438222285949381,813,15396.744215184051,2001-12-04,2025-09-30,8701
339,paid advertising,30.450327213520207,0.0163414915688768,3903,12717.596253176007,2001-12-05,2025-09-30,8700
340,referral,8.320326732170223,0.1231449787166301,2881,34526.04405738929,2001-12-06,2025-09-30,8699
341,social media,9.546325667652964,0.1675922473559195,3458,36123.360907507944,2001-12-07,2025-09-30,8698
342,email marketing,5.2462632712450965,0.0438222285949381,4731,90078.47094961346,2001-12-08,2025-09-30,8697
343,referral,8.320326732170223,0.1231449787166301,1280,15284.011243824465,2001-12-09,2025-09-30,8696
344,referral,8.320326732170223,0.1231449787166301,838,9971.719861191332,2001-12-10,2025-09-30,8695
345,social media,9.546325667652964,0.1675922473559195,4032,42136.145511588205,2001-12-11,2025-09-30,8694
346,email marketing,5.2462632712450965,0.0438222285949381,999,18942.12481053981,2001-12-12,2025-09-30,8693
347,email marketing,5.2462632712450965,0.0438222285949381,3212,61124.52942087475,2001-12-13,2025-09-30,8692
348,social media,9.546325667652964,0.1675922473559195,2380,24831.058114479147,2001-12-14,2025-09-30,8691
349,social media,9.546325667652964,0.1675922473559195,2155,22474.1303515557,2001-12-15,2025-09-30,8690
350,referral,8.320326732170223,0.1231449787166301,1524,18216.588387178508,2001-12-16,2025-09-30,8689
351,referral,8.320326732170223,0.1231449787166301,1248,14899.410962728854,2001-12-17,2025-09-30,8688
352,social media,9.546325667652964,0.1675922473559195,2973,31042.872174095173,2001-12-18,2025-09-30,8687
353,referral,8.320326732170223,0.1231449787166301,2245,26882.113470614007,2001-12-19,2025-09-30,8686
354,referral,8.320326732170223,0.1231449787166301,2995,35896.18255879241,2001-12-20,2025-09-30,8685
355,referral,8.320326732170223,0.1231449787166301,3613,43323.775487451414,2001-12-21,2025-09-30,8684
356,social media,9.546325667652964,0.1675922473559195,3278,34237.81869716918,2001-12-22,2025-09-30,8683
357,social media,9.546325667652964,0.1675922473559195,1090,11318.005607051375,2001-12-23,2025-09-30,8682
358,social media,9.546325667652964,0.1675922473559195,2593,27062.283063380015,2001-12-24,2025-09-30,8681
359,email marketing,5.2462632712450965,0.0438222285949381,3218,61238.896536853965,2001-12-25,2025-09-30,8680
360,paid advertising,30.450327213520207,0.0163414915688768,2242,7262.810863341176,2001-12-26,2025-09-30,8679
361,referral,8.320326732170223,0.1231449787166301,3984,47782.734996403655,2001-12-27,2025-09-30,8678
362,referral,8.320326732170223,0.1231449787166301,4951,59404.87474076167,2001-12-28,2025-09-30,8677
363,social media,9.546325667652964,0.1675922473559195,4127,43131.292789267,2001-12-29,2025-09-30,8676
364,referral,8.320326732170223,0.1231449787166301,1194,14250.39798838001,2001-12-30,2025-09-30,8675
365,referral,8.320326732170223,0.1231449787166301,3929,47121.703263270574,2001-12-31,2025-09-30,8674
366,email marketing,5.2462632712450965,0.0438222285949381,2297,43683.54423404399,2002-01-01,2025-09-30,8673
367,referral,8.320326732170223,0.1231449787166301,4923,59068.34949480301,2002-01-02,2025-09-30,8672
368,email marketing,5.2462632712450965,0.0438222285949381,3954,75267.92943030472,2002-01-03,2025-09-30,8671
369,social media,9.546325667652964,0.1675922473559195,1293,13444.47821093342,2002-01-04,2025-09-30,8670
370,email marketing,5.2462632712450965,0.0438222285949381,3573,68005.61756562437,2002-01-05,2025-09-30,8669
371,referral,8.320326732170223,0.1231449787166301,1451,17339.218995929143,2002-01-06,2025-09-30,8668
372,email marketing,5.2462632712450965,0.0438222285949381,3625,68996.79923744425,2002-01-07,2025-09-30,8667
373,referral,8.320326732170223,0.1231449787166301,3806,45643.39593280932,2002-01-08,2025-09-30,8666
374,social media,9.546325667652964,0.1675922473559195,1085,11265.629434541965,2002-01-09,2025-09-30,8665
375,social media,9.546325667652964,0.1675922473559195,1267,13172.122113884487,2002-01-10,2025-09-30,8664
376,paid advertising,30.450327213520207,0.0163414915688768,3875,12625.64321830823,2002-01-11,2025-09-30,8663
377,paid advertising,30.450327213520207,0.0163414915688768,2949,9584.624993752508,2002-01-12,2025-09-30,8662
378,referral,8.320326732170223,0.1231449787166301,2557,30631.966211296225,2002-01-13,2025-09-30,8661
379,email marketing,5.2462632712450965,0.0438222285949381,3463,65908.88710600538,2002-01-14,2025-09-30,8660
380,email marketing,5.2462632712450965,0.0438222285949381,1670,31732.180614215697,2002-01-15,2025-09-30,8659
381,referral,8.320326732170223,0.1231449787166301,1163,13877.816466068638,2002-01-16,2025-09-30,8658
382,social media,9.546325667652964,0.1675922473559195,1939,20211.47969914919,2002-01-17,2025-09-30,8657
383,email marketing,5.2462632712450965,0.0438222285949381,2674,50869.61135473819,2002-01-18,2025-09-30,8656
384,social media,9.546325667652964,0.1675922473559195,1719,17906.92810873515,2002-01-19,2025-09-30,8655
385,paid advertising,30.450327213520207,0.0163414915688768,3822,12451.58925945137,2002-01-20,2025-09-30,8654
386,referral,8.320326732170223,0.1231449787166301,2424,29033.471292992588,2002-01-21,2025-09-30,8653
387,referral,8.320326732170223,0.1231449787166301,2685,32170.367335678668,2002-01-22,2025-09-30,8652
388,email marketing,5.2462632712450965,0.0438222285949381,2891,55005.88871598658,2002-01-23,2025-09-30,8651
389,paid advertising,30.450327213520207,0.0163414915688768,3947,12862.093879396798,2002-01-24,2025-09-30,8650
390,social media,9.546325667652964,0.1675922473559195,2190,22840.76355912157,2002-01-25,2025-09-30,8649
391,paid advertising,30.450327213520207,0.0163414915688768,1694,5463.158609500424,2002-01-26,2025-09-30,8648
392,referral,8.320326732170223,0.1231449787166301,3857,46256.35263080545,2002-01-27,2025-09-30,8647
393,paid advertising,30.450327213520207,0.0163414915688768,2531,8211.897544655003,2002-01-28,2025-09-30,8646
394,social media,9.546325667652964,0.1675922473559195,549,5650.903741533216,2002-01-29,2025-09-30,8645
395,paid advertising,30.450327213520207,0.0163414915688768,4779,15594.412629753557,2002-01-30,2025-09-30,8644
396,paid advertising,30.450327213520207,0.0163414915688768,1016,3236.5815509164295,2002-01-31,2025-09-30,8643
397,paid advertising,30.450327213520207,0.0163414915688768,4460,14546.80483965283,2002-02-01,2025-09-30,8642
398,paid advertising,30.450327213520207,0.0163414915688768,534,1653.6757364068635,2002-02-02,2025-09-30,8641
399,social media,9.546325667652964,0.1675922473559195,829,8583.969402060175,2002-02-03,2025-09-30,8640
400,email marketing,5.2462632712450965,0.0438222285949381,1859,35334.74476756107,2002-02-04,2025-09-30,8639
401,email marketing,5.2462632712450965,0.0438222285949381,2064,39242.28789685103,2002-02-05,2025-09-30,8638
402,paid advertising,30.450327213520207,0.0163414915688768,3970,12937.626729466754,2002-02-06,2025-09-30,8637
403,email marketing,5.2462632712450965,0.0438222285949381,4257,81043.46878725523,2002-02-07,2025-09-30,8636
404,referral,8.320326732170223,0.1231449787166301,1303,15560.442695861937,2002-02-08,2025-09-30,8635
405,referral,8.320326732170223,0.1231449787166301,3809,45679.45220916203,2002-02-09,2025-09-30,8634
406,email marketing,5.2462632712450965,0.0438222285949381,4944,94138.5035668757,2002-02-10,2025-09-30,8633
407,paid advertising,30.450327213520207,0.0163414915688768,4998,16313.616723897945,2002-02-11,2025-09-30,8632
408,paid advertising,30.450327213520207,0.0163414915688768,1008,3210.3092552399216,2002-02-12,2025-09-30,8631
409,referral,8.320326732170223,0.1231449787166301,2650,31749.710778230343,2002-02-13,2025-09-30,8630
410,paid advertising,30.450327213520207,0.0163414915688768,3252,10579.688192500224,2002-02-14,2025-09-30,8629
411,paid advertising,30.450327213520207,0.0163414915688768,4444,14494.260248299815,2002-02-15,2025-09-30,8628
412,email marketing,5.2462632712450965,0.0438222285949381,2028,38556.08520097571,2002-02-16,2025-09-30,8627
413,paid advertising,30.450327213520207,0.0163414915688768,999,3180.752922603851,2002-02-17,2025-09-30,8626
414,email marketing,5.2462632712450965,0.0438222285949381,3444,65546.72457207118,2002-02-18,2025-09-30,8625
415,paid advertising,30.450327213520207,0.0163414915688768,2152,6967.247536980467,2002-02-19,2025-09-30,8624
416,social media,9.546325667652964,0.1675922473559195,941,9757.195666270958,2002-02-20,2025-09-30,8623
417,social media,9.546325667652964,0.1675922473559195,1056,10961.847633987387,2002-02-21,2025-09-30,8622
418,social media,9.546325667652964,0.1675922473559195,1111,11537.985531590897,2002-02-22,2025-09-30,8621
419,email marketing,5.2462632712450965,0.0438222285949381,1335,25346.68330537602,2002-02-23,2025-09-30,8620
420,email marketing,5.2462632712450965,0.0438222285949381,1438,27309.985463019264,2002-02-24,2025-09-30,8619
421,social media,9.546325667652964,0.1675922473559195,1948,20305.756809666127,2002-02-25,2025-09-30,8618
422,referral,8.320326732170223,0.1231449787166301,3315,39742.18536974852,2002-02-26,2025-09-30,8617
423,email marketing,5.2462632712450965,0.0438222285949381,931,17645.96416277534,2002-02-27,2025-09-30,8616
424,paid advertising,30.450327213520207,0.0163414915688768,3444,11210.223288736399,2002-02-28,2025-09-30,8615
425,paid advertising,30.450327213520207,0.0163414915688768,4171,13597.718158339003,2002-03-01,2025-09-30,8614
426,referral,8.320326732170223,0.1231449787166301,3974,47662.54740856128,2002-03-02,2025-09-30,8613
427,referral,8.320326732170223,0.1231449787166301,3667,43972.78846180025,2002-03-03,2025-09-30,8612
428,email marketing,5.2462632712450965,0.0438222285949381,1120,21248.528316120708,2002-03-04,2025-09-30,8611
429,paid advertising,30.450327213520207,0.0163414915688768,4598,15000.001940072581,2002-03-05,2025-09-30,8610
430,email marketing,5.2462632712450965,0.0438222285949381,2415,45932.764181635284,2002-03-06,2025-09-30,8609
431,email marketing,5.2462632712450965,0.0438222285949381,1432,27195.618347040043,2002-03-07,2025-09-30,8608
432,referral,8.320326732170223,0.1231449787166301,4954,59440.93101711438,2002-03-08,2025-09-30,8607
433,referral,8.320326732170223,0.1231449787166301,2824,33840.97480668774,2002-03-09,2025-09-30,8606
434,email marketing,5.2462632712450965,0.0438222285949381,863,16349.803515010868,2002-03-10,2025-09-30,8605
435,email marketing,5.2462632712450965,0.0438222285949381,4091,77879.3119118302,2002-03-11,2025-09-30,8604
436,referral,8.320326732170223,0.1231449787166301,4338,52037.37560602385,2002-03-12,2025-09-30,8603
437,paid advertising,30.450327213520207,0.0163414915688768,3273,10648.652968651055,2002-03-13,2025-09-30,8602
438,email marketing,5.2462632712450965,0.0438222285949381,3742,71226.957999039,2002-03-14,2025-09-30,8601
439,email marketing,5.2462632712450965,0.0438222285949381,4844,92232.38496722207,2002-03-15,2025-09-30,8600
440,paid advertising,30.450327213520207,0.0163414915688768,2068,6691.388432377142,2002-03-16,2025-09-30,8599
441,social media,9.546325667652964,0.1675922473559195,949,9840.997542286013,2002-03-17,2025-09-30,8598
442,social media,9.546325667652964,0.1675922473559195,3229,33724.532206576965,2002-03-18,2025-09-30,8597
443,email marketing,5.2462632712450965,0.0438222285949381,1770,33638.29921386934,2002-03-19,2025-09-30,8596
444,social media,9.546325667652964,0.1675922473559195,608,6268.942577144254,2002-03-20,2025-09-30,8595
445,paid advertising,30.450327213520207,0.0163414915688768,1523,4901.58828941508,2002-03-21,2025-09-30,8594
446,social media,9.546325667652964,0.1675922473559195,859,8898.226437116635,2002-03-22,2025-09-30,8593
447,paid advertising,30.450327213520207,0.0163414915688768,533,1650.3916994472997,2002-03-23,2025-09-30,8592
448,email marketing,5.2462632712450965,0.0438222285949381,2762,52546.99572243339,2002-03-24,2025-09-30,8591
449,referral,8.320326732170223,0.1231449787166301,3639,43636.263215841595,2002-03-25,2025-09-30,8590
450,referral,8.320326732170223,0.1231449787166301,578,6846.842577289486,2002-03-26,2025-09-30,8589
451,referral,8.320326732170223,0.1231449787166301,2589,31016.566492391838,2002-03-27,2025-09-30,8588
452,social media,9.546325667652964,0.1675922473559195,1923,20043.875947119075,2002-03-28,2025-09-30,8587
453,referral,8.320326732170223,0.1231449787166301,3722,44633.82019493334,2002-03-29,2025-09-30,8586
454,referral,8.320326732170223,0.1231449787166301,2052,24562.4930252561,2002-03-30,2025-09-30,8585
455,social media,9.546325667652964,0.1675922473559195,1835,19122.055310953463,2002-03-31,2025-09-30,8584
456,social media,9.546325667652964,0.1675922473559195,2012,20976.171817786573,2002-04-01,2025-09-30,8583
457,referral,8.320326732170223,0.1231449787166301,4493,53900.28321758073,2002-04-02,2025-09-30,8582
458,referral,8.320326732170223,0.1231449787166301,3277,39285.47253594748,2002-04-03,2025-09-30,8581
459,paid advertising,30.450327213520207,0.0163414915688768,3803,12389.192557219665,2002-04-04,2025-09-30,8580
460,paid advertising,30.450327213520207,0.0163414915688768,510,1574.8588493773414,2002-04-05,2025-09-30,8579
461,social media,9.546325667652964,0.1675922473559195,2211,23060.743483661092,2002-04-06,2025-09-30,8578
462,paid advertising,30.450327213520207,0.0163414915688768,2648,8596.129868923921,2002-04-07,2025-09-30,8577
463,email marketing,5.2462632712450965,0.0438222285949381,3732,71036.34613907365,2002-04-08,2025-09-30,8576
464,referral,8.320326732170223,0.1231449787166301,516,6101.679532666739,2002-04-09,2025-09-30,8575
465,referral,8.320326732170223,0.1231449787166301,2837,33997.21867088282,2002-04-10,2025-09-30,8574
466,social media,9.546325667652964,0.1675922473559195,2003,20881.89470726964,2002-04-11,2025-09-30,8573
467,referral,8.320326732170223,0.1231449787166301,983,11714.439884905822,2002-04-12,2025-09-30,8572
468,social media,9.546325667652964,0.1675922473559195,4044,42261.84832561079,2002-04-13,2025-09-30,8571
469,email marketing,5.2462632712450965,0.0438222285949381,2624,49916.55205491137,2002-04-14,2025-09-30,8570
470,email marketing,5.2462632712450965,0.0438222285949381,2146,40805.305148567,2002-04-15,2025-09-30,8569
471,paid advertising,30.450327213520207,0.0163414915688768,1976,6389.257032097306,2002-04-16,2025-09-30,8568
472,referral,8.320326732170223,0.1231449787166301,3673,44044.90101450568,2002-04-17,2025-09-30,8567
473,paid advertising,30.450327213520207,0.0163414915688768,2630,8537.01720365178,2002-04-18,2025-09-30,8566
474,email marketing,5.2462632712450965,0.0438222285949381,2272,43207.01458413058,2002-04-19,2025-09-30,8565
475,paid advertising,30.450327213520207,0.0163414915688768,1659,5348.217315915705,2002-04-20,2025-09-30,8564
476,paid advertising,30.450327213520207,0.0163414915688768,2244,7269.378937260302,2002-04-21,2025-09-30,8563
477,social media,9.546325667652964,0.1675922473559195,4273,44660.677026541765,2002-04-22,2025-09-30,8562
478,social media,9.546325667652964,0.1675922473559195,1571,16356.593402456614,2002-04-23,2025-09-30,8561
479,referral,8.320326732170223,0.1231449787166301,2561,30680.04124643318,2002-04-24,2025-09-30,8560
480,email marketing,5.2462632712450965,0.0438222285949381,3929,74791.39978039131,2002-04-25,2025-09-30,8559
481,email marketing,5.2462632712450965,0.0438222285949381,2440,46409.29383154869,2002-04-26,2025-09-30,8558
482,referral,8.320326732170223,0.1231449787166301,4820,57830.417340026506,2002-04-27,2025-09-30,8557
483,paid advertising,30.450327213520207,0.0163414915688768,2681,8704.503088589514,2002-04-28,2025-09-30,8556
484,email marketing,5.2462632712450965,0.0438222285949381,2609,49630.63426496334,2002-04-29,2025-09-30,8555
485,email marketing,5.2462632712450965,0.0438222285949381,2975,56607.02833969564,2002-04-30,2025-09-30,8554
486,email marketing,5.2462632712450965,0.0438222285949381,3090,58799.06472929731,2002-05-01,2025-09-30,8553
487,email marketing,5.2462632712450965,0.0438222285949381,3543,67433.78198572827,2002-05-02,2025-09-30,8552
488,paid advertising,30.450327213520207,0.0163414915688768,3622,11794.781867538686,2002-05-03,2025-09-30,8551
489,social media,9.546325667652964,0.1675922473559195,4118,43037.01567875005,2002-05-04,2025-09-30,8550
490,paid advertising,30.450327213520207,0.0163414915688768,4511,14714.290724590563,2002-05-05,2025-09-30,8549
491,email marketing,5.2462632712450965,0.0438222285949381,3165,60228.65367903754,2002-05-06,2025-09-30,8548
492,paid advertising,30.450327213520207,0.0163414915688768,2112,6835.886058597932,2002-05-07,2025-09-30,8547
493,referral,8.320326732170223,0.1231449787166301,1850,22134.70375084005,2002-05-08,2025-09-30,8546
494,social media,9.546325667652964,0.1675922473559195,4746,49615.46294593195,2002-05-09,2025-09-30,8545
495,paid advertising,30.450327213520207,0.0163414915688768,956,3039.5393333426246,2002-05-10,2025-09-30,8544
496,referral,8.320326732170223,0.1231449787166301,3630,43528.09438678345,2002-05-11,2025-09-30,8543
497,email marketing,5.2462632712450965,0.0438222285949381,4427,84283.87040666642,2002-05-12,2025-09-30,8542
498,referral,8.320326732170223,0.1231449787166301,1597,19093.95777842787,2002-05-13,2025-09-30,8541
499,social media,9.546325667652964,0.1675922473559195,1412,14691.031116657376,2002-05-14,2025-09-30,8540
500,referral,8.320326732170223,0.1231449787166301,3798,45547.24586253541,2002-05-15,2025-09-30,8539
501,referral,8.320326732170223,0.1231449787166301,2759,33059.75548571227,2002-05-16,2025-09-30,8538
502,paid advertising,30.450327213520207,0.0163414915688768,1474,4740.670478396472,2002-05-17,2025-09-30,8537
503,paid advertising,30.450327213520207,0.0163414915688768,1206,3860.548573233478,2002-05-18,2025-09-30,8536
504,social media,9.546325667652964,0.1675922473559195,3174,33148.39430897345,2002-05-19,2025-09-30,8535
505,social media,9.546325667652964,0.1675922473559195,4931,51553.38132878012,2002-05-20,2025-09-30,8534
506,paid advertising,30.450327213520207,0.0163414915688768,3643,11863.746643689517,2002-05-21,2025-09-30,8533
507,email marketing,5.2462632712450965,0.0438222285949381,4603,87638.63914205681,2002-05-22,2025-09-30,8532
508,paid advertising,30.450327213520207,0.0163414915688768,2132,6901.566797789199,2002-05-23,2025-09-30,8531
509,email marketing,5.2462632712450965,0.0438222285949381,2900,55177.439389955405,2002-05-24,2025-09-30,8530
510,email marketing,5.2462632712450965,0.0438222285949381,4496,85599.09224042742,2002-05-25,2025-09-30,8529
511,email marketing,5.2462632712450965,0.0438222285949381,4806,91508.05989935368,2002-05-26,2025-09-30,8528
512,email marketing,5.2462632712450965,0.0438222285949381,3040,57846.0054294705,2002-05-27,2025-09-30,8527
513,paid advertising,30.450327213520207,0.0163414915688768,849,2688.147378669339,2002-05-28,2025-09-30,8526
514,social media,9.546325667652964,0.1675922473559195,871,9023.929251139218,2002-05-29,2025-09-30,8525
515,social media,9.546325667652964,0.1675922473559195,1079,11202.778027530672,2002-05-30,2025-09-30,8524
516,social media,9.546325667652964,0.1675922473559195,3779,39485.911182612064,2002-05-31,2025-09-30,8523
517,email marketing,5.2462632712450965,0.0438222285949381,2721,51765.48709657541,2002-06-01,2025-09-30,8522
518,paid advertising,30.450327213520207,0.0163414915688768,1397,4487.799632510089,2002-06-02,2025-09-30,8521
519,referral,8.320326732170223,0.1231449787166301,3195,38299.934315639985,2002-06-03,2025-09-30,8520
520,paid advertising,30.450327213520207,0.0163414915688768,2923,9499.24003280386,2002-06-04,2025-09-30,8519
521,paid advertising,30.450327213520207,0.0163414915688768,2328,7545.2380418636285,2002-06-05,2025-09-30,8518
522,email marketing,5.2462632712450965,0.0438222285949381,1212,23002.15742780205,2002-06-06,2025-09-30,8517
523,email marketing,5.2462632712450965,0.0438222285949381,4098,78012.74021380596,2002-06-07,2025-09-30,8516
524,social media,9.546325667652964,0.1675922473559195,3768,39370.683603091355,2002-06-08,2025-09-30,8515
525,email marketing,5.2462632712450965,0.0438222285949381,4767,90764.67364548877,2002-06-09,2025-09-30,8514
526,referral,8.320326732170223,0.1231449787166301,2525,30247.365930200613,2002-06-10,2025-09-30,8513
527,paid advertising,30.450327213520207,0.0163414915688768,2490,8077.252029312902,2002-06-11,2025-09-30,8512
528,referral,8.320326732170223,0.1231449787166301,1642,19634.801923718576,2002-06-12,2025-09-30,8511
529,email marketing,5.2462632712450965,0.0438222285949381,3683,70102.34802524338,2002-06-13,2025-09-30,8510
530,referral,8.320326732170223,0.1231449787166301,4882,58575.580384649256,2002-06-14,2025-09-30,8509
531,email marketing,5.2462632712450965,0.0438222285949381,3476,66156.68252396033,2002-06-15,2025-09-30,8508
532,social media,9.546325667652964,0.1675922473559195,4342,45383.46820717162,2002-06-16,2025-09-30,8507
533,email marketing,5.2462632712450965,0.0438222285949381,545,10288.346368112308,2002-06-17,2025-09-30,8506
534,referral,8.320326732170223,0.1231449787166301,2472,29610.371714636007,2002-06-18,2025-09-30,8505
535,paid advertising,30.450327213520207,0.0163414915688768,3092,10054.242278970078,2002-06-19,2025-09-30,8504
536,email marketing,5.2462632712450965,0.0438222285949381,4667,88858.55504583514,2002-06-20,2025-09-30,8503
537,email marketing,5.2462632712450965,0.0438222285949381,2054,39051.676036885656,2002-06-21,2025-09-30,8502
538,paid advertising,30.450327213520207,0.0163414915688768,3320,10803.002705750536,2002-06-22,2025-09-30,8501
539,referral,8.320326732170223,0.1231449787166301,1103,13156.690939014365,2002-06-23,2025-09-30,8500
540,email marketing,5.2462632712450965,0.0438222285949381,2816,53576.29976624636,2002-06-24,2025-09-30,8499
541,referral,8.320326732170223,0.1231449787166301,2952,35379.375931070186,2002-06-25,2025-09-30,8498
542,paid advertising,30.450327213520207,0.0163414915688768,4533,14786.539537700957,2002-06-26,2025-09-30,8497
543,paid advertising,30.450327213520207,0.0163414915688768,3032,9857.200061396274,2002-06-27,2025-09-30,8496
544,referral,8.320326732170223,0.1231449787166301,4080,48936.53583969049,2002-06-28,2025-09-30,8495
545,referral,8.320326732170223,0.1231449787166301,3917,46977.47815785972,2002-06-29,2025-09-30,8494
546,referral,8.320326732170223,0.1231449787166301,4568,54801.69012639857,2002-06-30,2025-09-30,8493
547,paid advertising,30.450327213520207,0.0163414915688768,1592,5128.186839624956,2002-07-01,2025-09-30,8492
548,referral,8.320326732170223,0.1231449787166301,3669,43996.82597936873,2002-07-02,2025-09-30,8491
549,email marketing,5.2462632712450965,0.0438222285949381,4330,82434.93536500238,2002-07-03,2025-09-30,8490
550,email marketing,5.2462632712450965,0.0438222285949381,2040,38784.81943293415,2002-07-04,2025-09-30,8489
551,social media,9.546325667652964,0.1675922473559195,4598,48065.128239653415,2002-07-05,2025-09-30,8488
552,referral,8.320326732170223,0.1231449787166301,2128,25475.918692858177,2002-07-06,2025-09-30,8487
553,social media,9.546325667652964,0.1675922473559195,4932,51563.856563282,2002-07-07,2025-09-30,8486
554,referral,8.320326732170223,0.1231449787166301,2060,24658.643095530006,2002-07-08,2025-09-30,8485
555,social media,9.546325667652964,0.1675922473559195,4625,48347.95957120423,2002-07-09,2025-09-30,8484
556,paid advertising,30.450327213520207,0.0163414915688768,4734,15446.630966573204,2002-07-10,2025-09-30,8483
557,social media,9.546325667652964,0.1675922473559195,2766,28874.4986322056,2002-07-11,2025-09-30,8482
558,paid advertising,30.450327213520207,0.0163414915688768,4055,13216.769871029646,2002-07-12,2025-09-30,8481
559,referral,8.320326732170223,0.1231449787166301,3540,42446.406096202045,2002-07-13,2025-09-30,8480
560,social media,9.546325667652964,0.1675922473559195,1207,12543.608043771568,2002-07-14,2025-09-30,8479
561,paid advertising,30.450327213520207,0.0163414915688768,1758,5673.336974912482,2002-07-15,2025-09-30,8478
562,email marketing,5.2462632712450965,0.0438222285949381,2757,52451.689792450714,2002-07-16,2025-09-30,8477
563,referral,8.320326732170223,0.1231449787166301,1302,15548.4239370777,2002-07-17,2025-09-30,8476
564,email marketing,5.2462632712450965,0.0438222285949381,2410,45837.4582516526,2002-07-18,2025-09-30,8475
565,paid advertising,30.450327213520207,0.0163414915688768,2422,7853.93751606259,2002-07-19,2025-09-30,8474
566,social media,9.546325667652964,0.1675922473559195,3471,36259.538956032404,2002-07-20,2025-09-30,8473
567,social media,9.546325667652964,0.1675922473559195,4866,50872.49108615779,2002-07-21,2025-09-30,8472
568,paid advertising,30.450327213520207,0.0163414915688768,4998,16313.616723897945,2002-07-22,2025-09-30,8471
569,paid advertising,30.450327213520207,0.0163414915688768,3882,12648.631477025176,2002-07-23,2025-09-30,8470
570,email marketing,5.2462632712450965,0.0438222285949381,2291,43569.17711806477,2002-07-24,2025-09-30,8469
571,email marketing,5.2462632712450965,0.0438222285949381,1268,24069.583843608085,2002-07-25,2025-09-30,8468
572,email marketing,5.2462632712450965,0.0438222285949381,545,10288.346368112308,2002-07-26,2025-09-30,8467
573,email marketing,5.2462632712450965,0.0438222285949381,1267,24050.52265761155,2002-07-27,2025-09-30,8466
574,email marketing,5.2462632712450965,0.0438222285949381,4288,81634.36555314786,2002-07-28,2025-09-30,8465
575,email marketing,5.2462632712450965,0.0438222285949381,1398,26547.538023157813,2002-07-29,2025-09-30,8464
576,paid advertising,30.450327213520207,0.0163414915688768,2826,9180.688447726208,2002-07-30,2025-09-30,8463
577,email marketing,5.2462632712450965,0.0438222285949381,749,14176.828311405725,2002-07-31,2025-09-30,8462
578,referral,8.320326732170223,0.1231449787166301,4603,55222.34668384689,2002-08-01,2025-09-30,8461
579,social media,9.546325667652964,0.1675922473559195,1796,18713.521165380065,2002-08-02,2025-09-30,8460
580,paid advertising,30.450327213520207,0.0163414915688768,3988,12996.739394738895,2002-08-03,2025-09-30,8459
581,email marketing,5.2462632712450965,0.0438222285949381,1855,35258.50002357492,2002-08-04,2025-09-30,8458
582,paid advertising,30.450327213520207,0.0163414915688768,765,2412.288274066012,2002-08-05,2025-09-30,8457
583,referral,8.320326732170223,0.1231449787166301,1847,22098.647474487338,2002-08-06,2025-09-30,8456
584,email marketing,5.2462632712450965,0.0438222285949381,1241,23554.931821701604,2002-08-07,2025-09-30,8455
585,email marketing,5.2462632712450965,0.0438222285949381,4624,88038.92404798407,2002-08-08,2025-09-30,8454
586,referral,8.320326732170223,0.1231449787166301,2558,30643.984970080463,2002-08-09,2025-09-30,8453
587,paid advertising,30.450327213520207,0.0163414915688768,3385,11016.465108122158,2002-08-10,2025-09-30,8452
588,referral,8.320326732170223,0.1231449787166301,3508,42061.80581510643,2002-08-11,2025-09-30,8451
589,paid advertising,30.450327213520207,0.0163414915688768,1518,4885.1681046172625,2002-08-12,2025-09-30,8450
590,email marketing,5.2462632712450965,0.0438222285949381,3097,58932.493031273065,2002-08-13,2025-09-30,8449
591,email marketing,5.2462632712450965,0.0438222285949381,1027,19475.838018442828,2002-08-14,2025-09-30,8448
592,paid advertising,30.450327213520207,0.0163414915688768,2528,8202.045433776311,2002-08-15,2025-09-30,8447
593,referral,8.320326732170223,0.1231449787166301,3831,45943.86490241526,2002-08-16,2025-09-30,8446
594,paid advertising,30.450327213520207,0.0163414915688768,2821,9164.268262928392,2002-08-17,2025-09-30,8445
595,social media,9.546325667652964,0.1675922473559195,4698,49112.651689841616,2002-08-18,2025-09-30,8444
596,social media,9.546325667652964,0.1675922473559195,3433,35861.48004496089,2002-08-19,2025-09-30,8443
597,paid advertising,30.450327213520207,0.0163414915688768,1576,5075.642248271941,2002-08-20,2025-09-30,8442
598,referral,8.320326732170223,0.1231449787166301,3989,47842.82879032485,2002-08-21,2025-09-30,8441
599,email marketing,5.2462632712450965,0.0438222285949381,3395,64612.7264582409,2002-08-22,2025-09-30,8440
600,referral,8.320326732170223,0.1231449787166301,2745,32891.49286273294,2002-08-23,2025-09-30,8439
601,social media,9.546325667652964,0.1675922473559195,2362,24642.50389344527,2002-08-24,2025-09-30,8438
602,social media,9.546325667652964,0.1675922473559195,2179,22725.535979600867,2002-08-25,2025-09-30,8437
603,referral,8.320326732170223,0.1231449787166301,2014,24105.78019145506,2002-08-26,2025-09-30,8436
604,referral,8.320326732170223,0.1231449787166301,3982,47758.69747883518,2002-08-27,2025-09-30,8435
605,referral,8.320326732170223,0.1231449787166301,3797,45535.22710375118,2002-08-28,2025-09-30,8434
606,referral,8.320326732170223,0.1231449787166301,3509,42073.82457389067,2002-08-29,2025-09-30,8433
607,paid advertising,30.450327213520207,0.0163414915688768,4905,16008.20128665855,2002-08-30,2025-09-30,8432
608,email marketing,5.2462632712450965,0.0438222285949381,2098,39890.36822073325,2002-08-31,2025-09-30,8431
609,referral,8.320326732170223,0.1231449787166301,1140,13601.385014031166,2002-09-01,2025-09-30,8430
610,social media,9.546325667652964,0.1675922473559195,2555,26664.224152308496,2002-09-02,2025-09-30,8429
611,paid advertising,30.450327213520207,0.0163414915688768,3770,12280.819337554072,2002-09-03,2025-09-30,8428
612,referral,8.320326732170223,0.1231449787166301,1899,22723.622931267706,2002-09-04,2025-09-30,8427
613,email marketing,5.2462632712450965,0.0438222285949381,2604,49535.328334980644,2002-09-05,2025-09-30,8426
614,social media,9.546325667652964,0.1675922473559195,3597,37579.41850326954,2002-09-06,2025-09-30,8425
615,social media,9.546325667652964,0.1675922473559195,1014,10521.887784908344,2002-09-07,2025-09-30,8424
616,paid advertising,30.450327213520207,0.0163414915688768,2555,8290.714431684522,2002-09-08,2025-09-30,8423
617,email marketing,5.2462632712450965,0.0438222285949381,3419,65070.19492215777,2002-09-09,2025-09-30,8422
618,social media,9.546325667652964,0.1675922473559195,1093,11349.43131055702,2002-09-10,2025-09-30,8421
619,paid advertising,30.450327213520207,0.0163414915688768,3500,11394.12935847195,2002-09-11,2025-09-30,8420
620,email marketing,5.2462632712450965,0.0438222285949381,1766,33562.05446988319,2002-09-12,2025-09-30,8419
621,paid advertising,30.450327213520207,0.0163414915688768,4600,15006.570013991708,2002-09-13,2025-09-30,8418
622,social media,9.546325667652964,0.1675922473559195,4128,43141.76802376888,2002-09-14,2025-09-30,8417
623,email marketing,5.2462632712450965,0.0438222285949381,3885,73952.70759654371,2002-09-15,2025-09-30,8416
624,social media,9.546325667652964,0.1675922473559195,2580,26926.105014855544,2002-09-16,2025-09-30,8415
625,email marketing,5.2462632712450965,0.0438222285949381,3111,59199.34963522458,2002-09-17,2025-09-30,8414
626,social media,9.546325667652964,0.1675922473559195,3904,40795.315495347306,2002-09-18,2025-09-30,8413
627,referral,8.320326732170223,0.1231449787166301,1008,12014.908854511768,2002-09-19,2025-09-30,8412
628,paid advertising,30.450327213520207,0.0163414915688768,1661,5354.785389834831,2002-09-20,2025-09-30,8411
629,email marketing,5.2462632712450965,0.0438222285949381,3100,58989.676589262686,2002-09-21,2025-09-30,8410
630,email marketing,5.2462632712450965,0.0438222285949381,2276,43283.25932811673,2002-09-22,2025-09-30,8409
631,paid advertising,30.450327213520207,0.0163414915688768,2435,7896.629996536914,2002-09-23,2025-09-30,8408
632,paid advertising,30.450327213520207,0.0163414915688768,1491,4796.4991067090505,2002-09-24,2025-09-30,8407
633,social media,9.546325667652964,0.1675922473559195,3367,35170.11456783668,2002-09-25,2025-09-30,8406
634,social media,9.546325667652964,0.1675922473559195,3991,41706.66089701105,2002-09-26,2025-09-30,8405
635,referral,8.320326732170223,0.1231449787166301,1151,13733.591360657783,2002-09-27,2025-09-30,8404
636,referral,8.320326732170223,0.1231449787166301,1313,15680.630283704319,2002-09-28,2025-09-30,8403
637,referral,8.320326732170223,0.1231449787166301,3525,42266.124714438476,2002-09-29,2025-09-30,8402
638,paid advertising,30.450327213520207,0.0163414915688768,4659,15200.32819460595,2002-09-30,2025-09-30,8401
639,paid advertising,30.450327213520207,0.0163414915688768,4693,15311.985451231107,2002-10-01,2025-09-30,8400
640,email marketing,5.2462632712450965,0.0438222285949381,500,9430.592998268174,2002-10-02,2025-09-30,8399
641,social media,9.546325667652964,0.1675922473559195,2807,29303.98324678276,2002-10-03,2025-09-30,8398
642,paid advertising,30.450327213520207,0.0163414915688768,2296,7440.1488591576,2002-10-04,2025-09-30,8397
643,referral,8.320326732170223,0.1231449787166301,1549,18517.05735678445,2002-10-05,2025-09-30,8396
644,email marketing,5.2462632712450965,0.0438222285949381,4735,90154.7156935996,2002-10-06,2025-09-30,8395
645,referral,8.320326732170223,0.1231449787166301,3792,45475.13330982999,2002-10-07,2025-09-30,8394
646,paid advertising,30.450327213520207,0.0163414915688768,4085,13315.290979816547,2002-10-08,2025-09-30,8393
647,social media,9.546325667652964,0.1675922473559195,1370,14251.071267578334,2002-10-09,2025-09-30,8392
648,paid advertising,30.450327213520207,0.0163414915688768,1253,4014.8983103329583,2002-10-10,2025-09-30,8391
649,paid advertising,30.450327213520207,0.0163414915688768,4649,15167.487825010316,2002-10-11,2025-09-30,8390
650,paid advertising,30.450327213520207,0.0163414915688768,4910,16024.621471456365,2002-10-12,2025-09-30,8389
651,email marketing,5.2462632712450965,0.0438222285949381,1208,22925.912683815906,2002-10-13,2025-09-30,8388
652,email marketing,5.2462632712450965,0.0438222285949381,3089,58780.00354330078,2002-10-14,2025-09-30,8387
653,referral,8.320326732170223,0.1231449787166301,1071,12772.090657918752,2002-10-15,2025-09-30,8386
654,paid advertising,30.450327213520207,0.0163414915688768,3436,11183.950993059892,2002-10-16,2025-09-30,8385
655,paid advertising,30.450327213520207,0.0163414915688768,3902,12714.312216216444,2002-10-17,2025-09-30,8384
656,email marketing,5.2462632712450965,0.0438222285949381,684,12937.851221630863,2002-10-18,2025-09-30,8383
657,paid advertising,30.450327213520207,0.0163414915688768,676,2120.0089846648684,2002-10-19,2025-09-30,8382
658,referral,8.320326732170223,0.1231449787166301,1992,23841.367498201827,2002-10-20,2025-09-30,8381
659,referral,8.320326732170223,0.1231449787166301,1214,14490.773164064769,2002-10-21,2025-09-30,8380
660,paid advertising,30.450327213520207,0.0163414915688768,4171,13597.718158339003,2002-10-22,2025-09-30,8379
661,social media,9.546325667652964,0.1675922473559195,4402,46011.982277284544,2002-10-23,2025-09-30,8378
662,email marketing,5.2462632712450965,0.0438222285949381,2327,44255.37981394008,2002-10-24,2025-09-30,8377
663,social media,9.546325667652964,0.1675922473559195,4056,42387.55113963337,2002-10-25,2025-09-30,8376
664,referral,8.320326732170223,0.1231449787166301,1176,14034.060330263728,2002-10-26,2025-09-30,8375
665,paid advertising,30.450327213520207,0.0163414915688768,2777,9019.770636707603,2002-10-27,2025-09-30,8374
666,referral,8.320326732170223,0.1231449787166301,1244,14851.335927591905,2002-10-28,2025-09-30,8373
667,paid advertising,30.450327213520207,0.0163414915688768,2607,8461.484353581822,2002-10-29,2025-09-30,8372
668,social media,9.546325667652964,0.1675922473559195,1173,12187.45007070758,2002-10-30,2025-09-30,8371
669,social media,9.546325667652964,0.1675922473559195,519,5336.646706476756,2002-10-31,2025-09-30,8370
670,paid advertising,30.450327213520207,0.0163414915688768,4662,15210.180305484639,2002-11-01,2025-09-30,8369
671,referral,8.320326732170223,0.1231449787166301,4332,51965.26305331843,2002-11-02,2025-09-30,8368
672,referral,8.320326732170223,0.1231449787166301,2666,31942.010918778153,2002-11-03,2025-09-30,8367
673,email marketing,5.2462632712450965,0.0438222285949381,2472,47019.25178343785,2002-11-04,2025-09-30,8366
674,social media,9.546325667652964,0.1675922473559195,736,7609.772593385149,2002-11-05,2025-09-30,8365
675,referral,8.320326732170223,0.1231449787166301,4085,48996.62963361169,2002-11-06,2025-09-30,8364
676,referral,8.320326732170223,0.1231449787166301,1903,22771.697966404656,2002-11-07,2025-09-30,8363
677,social media,9.546325667652964,0.1675922473559195,3916,40921.018309369894,2002-11-08,2025-09-30,8362
678,paid advertising,30.450327213520207,0.0163414915688768,933,2964.0064832726657,2002-11-09,2025-09-30,8361
679,social media,9.546325667652964,0.1675922473559195,2540,26507.095634780268,2002-11-10,2025-09-30,8360
680,email marketing,5.2462632712450965,0.0438222285949381,1375,26109.130745237475,2002-11-11,2025-09-30,8359
681,paid advertising,30.450327213520207,0.0163414915688768,3862,12582.950737833906,2002-11-12,2025-09-30,8358
682,paid advertising,30.450327213520207,0.0163414915688768,2849,9256.221297796168,2002-11-13,2025-09-30,8357
683,social media,9.546325667652964,0.1675922473559195,3810,39810.64345217041,2002-11-14,2025-09-30,8356
684,email marketing,5.2462632712450965,0.0438222285949381,1704,32380.260938097934,2002-11-15,2025-09-30,8355
685,referral,8.320326732170223,0.1231449787166301,4164,49946.111577566466,2002-11-16,2025-09-30,8354
686,social media,9.546325667652964,0.1675922473559195,2680,27973.62846504375,2002-11-17,2025-09-30,8353
687,paid advertising,30.450327213520207,0.0163414915688768,3036,9870.336209234525,2002-11-18,2025-09-30,8352
688,referral,8.320326732170223,0.1231449787166301,2506,30019.00951330009,2002-11-19,2025-09-30,8351
689,referral,8.320326732170223,0.1231449787166301,1004,11966.833819374817,2002-11-20,2025-09-30,8350
690,social media,9.546325667652964,0.1675922473559195,3512,36689.02357060957,2002-11-21,2025-09-30,8349
691,social media,9.546325667652964,0.1675922473559195,3652,38155.55640087304,2002-11-22,2025-09-30,8348
692,email marketing,5.2462632712450965,0.0438222285949381,1849,35144.132907595704,2002-11-23,2025-09-30,8347
693,paid advertising,30.450327213520207,0.0163414915688768,2198,7118.313237120386,2002-11-24,2025-09-30,8346
694,email marketing,5.2462632712450965,0.0438222285949381,4062,77326.53751793064,2002-11-25,2025-09-30,8345
695,paid advertising,30.450327213520207,0.0163414915688768,684,2146.281280341376,2002-11-26,2025-09-30,8344
696,referral,8.320326732170223,0.1231449787166301,2689,32218.44237081562,2002-11-27,2025-09-30,8343
697,referral,8.320326732170223,0.1231449787166301,2857,34237.593846567586,2002-11-28,2025-09-30,8342
698,email marketing,5.2462632712450965,0.0438222285949381,3363,64002.76850635174,2002-11-29,2025-09-30,8341
699,email marketing,5.2462632712450965,0.0438222285949381,3343,63621.54478642101,2002-11-30,2025-09-30,8340
700,email marketing,5.2462632712450965,0.0438222285949381,1344,25518.23397934485,2002-12-01,2025-09-30,8339
701,paid advertising,30.450327213520207,0.0163414915688768,4289,13985.234519567488,2002-12-02,2025-09-30,8338
702,social media,9.546325667652964,0.1675922473559195,2058,21458.032604873144,2002-12-03,2025-09-30,8337
703,email marketing,5.2462632712450965,0.0438222285949381,4350,82816.15908493311,2002-12-04,2025-09-30,8336
704,email marketing,5.2462632712450965,0.0438222285949381,2898,55139.317017962334,2002-12-05,2025-09-30,8335
705,referral,8.320326732170223,0.1231449787166301,3751,44982.36419967624,2002-12-06,2025-09-30,8334
706,email marketing,5.2462632712450965,0.0438222285949381,3657,69606.75718933342,2002-12-07,2025-09-30,8333
707,social media,9.546325667652964,0.1675922473559195,4228,44189.29147395708,2002-12-08,2025-09-30,8332
708,social media,9.546325667652964,0.1675922473559195,4832,50516.3331130938,2002-12-09,2025-09-30,8331
709,referral,8.320326732170223,0.1231449787166301,1464,17495.462860124237,2002-12-10,2025-09-30,8330
710,paid advertising,30.450327213520207,0.0163414915688768,2333,7561.658226661446,2002-12-11,2025-09-30,8329
711,email marketing,5.2462632712450965,0.0438222285949381,4027,76659.39600805187,2002-12-12,2025-09-30,8328
712,social media,9.546325667652964,0.1675922473559195,702,7253.614620321161,2002-12-13,2025-09-30,8327
713,social media,9.546325667652964,0.1675922473559195,1855,19331.5600009911,2002-12-14,2025-09-30,8326
714,referral,8.320326732170223,0.1231449787166301,2750,32951.58665665413,2002-12-15,2025-09-30,8325
715,paid advertising,30.450327213520207,0.0163414915688768,3959,12901.502322911558,2002-12-16,2025-09-30,8324
716,referral,8.320326732170223,0.1231449787166301,2362,28288.308248369838,2002-12-17,2025-09-30,8323
717,paid advertising,30.450327213520207,0.0163414915688768,4354,14198.696921939109,2002-12-18,2025-09-30,8322
718,referral,8.320326732170223,0.1231449787166301,1053,12555.752999802471,2002-12-19,2025-09-30,8321
719,social media,9.546325667652964,0.1675922473559195,2755,28759.271052684897,2002-12-20,2025-09-30,8320
720,email marketing,5.2462632712450965,0.0438222285949381,2195,41739.30326239728,2002-12-21,2025-09-30,8319
721,email marketing,5.2462632712450965,0.0438222285949381,513,9678.388416223146,2002-12-22,2025-09-30,8318
722,email marketing,5.2462632712450965,0.0438222285949381,1638,31122.222662326534,2002-12-23,2025-09-30,8317
723,social media,9.546325667652964,0.1675922473559195,565,5818.507493563328,2002-12-24,2025-09-30,8316
724,referral,8.320326732170223,0.1231449787166301,3980,47734.65996126671,2002-12-25,2025-09-30,8315
725,paid advertising,30.450327213520207,0.0163414915688768,2384,7729.14411159918,2002-12-26,2025-09-30,8314
726,referral,8.320326732170223,0.1231449787166301,1825,21834.234781234103,2002-12-27,2025-09-30,8313
727,social media,9.546325667652964,0.1675922473559195,4125,43110.34232026323,2002-12-28,2025-09-30,8312
728,referral,8.320326732170223,0.1231449787166301,4237,50823.480968815835,2002-12-29,2025-09-30,8311
729,email marketing,5.2462632712450965,0.0438222285949381,3519,66976.3135218114,2002-12-30,2025-09-30,8310
730,referral,8.320326732170223,0.1231449787166301,1388,16582.037192522155,2002-12-31,2025-09-30,8309
731,email marketing,5.2462632712450965,0.0438222285949381,4750,90440.63348354764,2003-01-01,2025-09-30,8308
732,social media,9.546325667652964,0.1675922473559195,4396,45949.13087027325,2003-01-02,2025-09-30,8307
733,paid advertising,30.450327213520207,0.0163414915688768,4550,14842.368166013537,2003-01-03,2025-09-30,8306
734,social media,9.546325667652964,0.1675922473559195,3233,33766.433144584495,2003-01-04,2025-09-30,8305
735,paid advertising,30.450327213520207,0.0163414915688768,1002,3190.605033482542,2003-01-05,2025-09-30,8304
736,referral,8.320326732170223,0.1231449787166301,1704,20379.96496834132,2003-01-06,2025-09-30,8303
737,social media,9.546325667652964,0.1675922473559195,681,7033.634695781639,2003-01-07,2025-09-30,8302
738,paid advertising,30.450327213520207,0.0163414915688768,3436,11183.950993059892,2003-01-08,2025-09-30,8301
739,paid advertising,30.450327213520207,0.0163414915688768,808,2553.501863327239,2003-01-09,2025-09-30,8300
740,referral,8.320326732170223,0.1231449787166301,3520,42206.03092051729,2003-01-10,2025-09-30,8299
741,social media,9.546325667652964,0.1675922473559195,3554,37128.98341968861,2003-01-11,2025-09-30,8298
742,email marketing,5.2462632712450965,0.0438222285949381,1794,34095.76767778621,2003-01-12,2025-09-30,8297
743,paid advertising,30.450327213520207,0.0163414915688768,1348,4326.881821491483,2003-01-13,2025-09-30,8296
744,referral,8.320326732170223,0.1231449787166301,3708,44465.55757195401,2003-01-14,2025-09-30,8295
745,email marketing,5.2462632712450965,0.0438222285949381,1740,33066.46363397324,2003-01-15,2025-09-30,8294
746,email marketing,5.2462632712450965,0.0438222285949381,2026,38517.962828982636,2003-01-16,2025-09-30,8293
747,social media,9.546325667652964,0.1675922473559195,2257,23542.604270747663,2003-01-17,2025-09-30,8292
748,referral,8.320326732170223,0.1231449787166301,1111,13252.841009288266,2003-01-18,2025-09-30,8291
749,referral,8.320326732170223,0.1231449787166301,4778,57325.62947108852,2003-01-19,2025-09-30,8290
750,email marketing,5.2462632712450965,0.0438222285949381,2428,46180.559599590255,2003-01-20,2025-09-30,8289
751,referral,8.320326732170223,0.1231449787166301,970,11558.19602071073,2003-01-21,2025-09-30,8288
752,social media,9.546325667652964,0.1675922473559195,4268,44608.30085403236,2003-01-22,2025-09-30,8287
753,paid advertising,30.450327213520207,0.0163414915688768,4533,14786.539537700957,2003-01-23,2025-09-30,8286
754,referral,8.320326732170223,0.1231449787166301,3531,42338.23726714391,2003-01-24,2025-09-30,8285
755,paid advertising,30.450327213520207,0.0163414915688768,2007,6491.062177843773,2003-01-25,2025-09-30,8284
756,social media,9.546325667652964,0.1675922473559195,4419,46190.06126381654,2003-01-26,2025-09-30,8283
757,email marketing,5.2462632712450965,0.0438222285949381,4090,77860.25072583366,2003-01-27,2025-09-30,8282
758,email marketing,5.2462632712450965,0.0438222285949381,4659,88706.06555786284,2003-01-28,2025-09-30,8281
759,social media,9.546325667652964,0.1675922473559195,4264,44566.39991602483,2003-01-29,2025-09-30,8280
760,social media,9.546325667652964,0.1675922473559195,2193,22872.189262627217,2003-01-30,2025-09-30,8279
761,social media,9.546325667652964,0.1675922473559195,4468,46703.34775440875,2003-01-31,2025-09-30,8278
762,email marketing,5.2462632712450965,0.0438222285949381,2996,57007.3132456229,2003-02-01,2025-09-30,8277
763,referral,8.320326732170223,0.1231449787166301,3601,43179.55038204056,2003-02-02,2025-09-30,8276
764,email marketing,5.2462632712450965,0.0438222285949381,4647,88477.33132590441,2003-02-03,2025-09-30,8275
765,referral,8.320326732170223,0.1231449787166301,4423,53058.97010268408,2003-02-04,2025-09-30,8274
766,paid advertising,30.450327213520207,0.0163414915688768,3027,9840.779876598455,2003-02-05,2025-09-30,8273
767,referral,8.320326732170223,0.1231449787166301,2970,35595.71358918647,2003-02-06,2025-09-30,8272
768,email marketing,5.2462632712450965,0.0438222285949381,2027,38537.02401497918,2003-02-07,2025-09-30,8271
769,email marketing,5.2462632712450965,0.0438222285949381,4634,88229.53590794944,2003-02-08,2025-09-30,8270
770,social media,9.546325667652964,0.1675922473559195,923,9568.641445237083,2003-02-09,2025-09-30,8269
771,social media,9.546325667652964,0.1675922473559195,2044,21311.379321846798,2003-02-10,2025-09-30,8268
772,email marketing,5.2462632712450965,0.0438222285949381,607,11470.139899897564,2003-02-11,2025-09-30,8267
773,paid advertising,30.450327213520207,0.0163414915688768,4902,15998.349175779858,2003-02-12,2025-09-30,8266
774,social media,9.546325667652964,0.1675922473559195,2953,30833.367484057533,2003-02-13,2025-09-30,8265
775,referral,8.320326732170223,0.1231449787166301,1597,19093.95777842787,2003-02-14,2025-09-30,8264
776,social media,9.546325667652964,0.1675922473559195,4178,43665.52974886297,2003-02-15,2025-09-30,8263
777,referral,8.320326732170223,0.1231449787166301,1190,14202.322953243058,2003-02-16,2025-09-30,8262
778,email marketing,5.2462632712450965,0.0438222285949381,3694,70312.02107120526,2003-02-17,2025-09-30,8261
779,paid advertising,30.450327213520207,0.0163414915688768,4217,13748.783858478919,2003-02-18,2025-09-30,8260
780,social media,9.546325667652964,0.1675922473559195,3818,39894.44532818546,2003-02-19,2025-09-30,8259
781,referral,8.320326732170223,0.1231449787166301,3236,38792.703425793734,2003-02-20,2025-09-30,8258
782,email marketing,5.2462632712450965,0.0438222285949381,3376,64250.56392430671,2003-02-21,2025-09-30,8257
783,email marketing,5.2462632712450965,0.0438222285949381,4306,81977.46690108551,2003-02-22,2025-09-30,8256
784,referral,8.320326732170223,0.1231449787166301,3620,43407.906798941076,2003-02-23,2025-09-30,8255
785,email marketing,5.2462632712450965,0.0438222285949381,3122,59409.02268118648,2003-02-24,2025-09-30,8254
786,email marketing,5.2462632712450965,0.0438222285949381,2583,49135.04342905339,2003-02-25,2025-09-30,8253
787,social media,9.546325667652964,0.1675922473559195,3017,31503.782492177983,2003-02-26,2025-09-30,8252
788,email marketing,5.2462632712450965,0.0438222285949381,4401,83788.27957075647,2003-02-27,2025-09-30,8251
789,email marketing,5.2462632712450965,0.0438222285949381,2336,44426.93048790891,2003-02-28,2025-09-30,8250
790,referral,8.320326732170223,0.1231449787166301,1828,21870.29105758682,2003-03-01,2025-09-30,8249
791,social media,9.546325667652964,0.1675922473559195,3049,31838.989996238204,2003-03-02,2025-09-30,8248
792,email marketing,5.2462632712450965,0.0438222285949381,1492,28339.28950683223,2003-03-03,2025-09-30,8247
793,social media,9.546325667652964,0.1675922473559195,1454,15130.990965736422,2003-03-04,2025-09-30,8246
794,paid advertising,30.450327213520207,0.0163414915688768,4947,16146.130838960213,2003-03-05,2025-09-30,8245
795,social media,9.546325667652964,0.1675922473559195,4509,47132.83236898592,2003-03-06,2025-09-30,8244
796,social media,9.546325667652964,0.1675922473559195,2813,29366.834653794052,2003-03-07,2025-09-30,8243
797,email marketing,5.2462632712450965,0.0438222285949381,3439,65451.4186420885,2003-03-08,2025-09-30,8242
798,social media,9.546325667652964,0.1675922473559195,2101,21908.46768845407,2003-03-09,2025-09-30,8241
799,paid advertising,30.450327213520207,0.0163414915688768,813,2569.922048125056,2003-03-10,2025-09-30,8240
800,email marketing,5.2462632712450965,0.0438222285949381,4820,91774.91650330518,2003-03-11,2025-09-30,8239
